[
    {
        "name": "theme_info",
        "theme_name": "womantheme",
        "theme_version": "1.0.0",
        "theme_author": "OLEH_MARKEVYCH",
        "theme_documentation_url": "https:\/\/THEME_DOCUMENTATION_URL.com\/",
        "theme_support_url": "https:\/\/THEME_SUPPORT_URL.com\/"
      },
      {
        "name": "Social media",
        "settings": [
          {
            "type": "header",
            "content": "Social sharing image"
          },
          {
            "type": "image_picker",
            "id": "share_image",
            "label": "Image",
            "info": "Shown when sharing a link on social media. [Learn more](https://help.shopify.com/manual/using-themes/troubleshooting/showing-social-media-thumbnail-images/) about image thumbnails."
          },
          {
            "type": "header",
            "content": "Social sharing options"
          },
          {
            "type": "checkbox",
            "id": "social_sharing_blog",
            "label": "Enable sharing for blog articles",
            "default": true
          },
          {
            "type": "checkbox",
            "id": "share_facebook",
            "label": "Share on Facebook",
            "default": true
          },
          {
            "type": "checkbox",
            "id": "share_twitter",
            "label": "Tweet on Twitter",
            "default": true
          },
          {
            "type": "checkbox",
            "id": "share_pinterest",
            "label": "Pin on Pinterest",
            "default": true
          },
          {
            "type": "header",
            "content": "Sharing links"
          },
          {
            "type": "text",
            "id": "social_twitter_link",
            "label": "Twitter link"
          },
          {
            "type": "text",
            "id": "social_facebook_link",
            "label": "Facebook link"
          },
          {
            "type": "text",
            "id": "social_pinterest_link",
            "label": "Pinterest link"
          },
          {
            "type": "text",
            "id": "social_instagram_link",
            "label": "Instagram link"
          },
          {
            "type": "text",
            "id": "social_snapchat_link",
            "label": "Snapchat link"
          },
          {
            "type": "text",
            "id": "social_tumblr_link",
            "label": "Tumblr link"
          },
          {
            "type": "text",
            "id": "social_youtube_link",
            "label": "Youtube link"
          },
          {
            "type": "text",
            "id": "social_vimeo_link",
            "label": "Vimeo link"
          }
        ]
      }
]